sku,id,name,raw_name,spec,price,shelf_life_days,label_info
OS01,72b24c4a-c85d-4d79-ac3e-fd0e79b70321,平台精选水果拼盘,平台精选水果拼盘,,29.9,,
OS02,fc751f0e-338f-4d05-b3fb-bcb888ad7108,羊肉烩面,羊肉烩面,,28.0,,
OS03,826ac31b-4a46-4127-883c-996d6ce577ba,海盐芝士条蛋糕,海盐芝士条蛋糕,,9.9,,
OS04,15baba1d-c2aa-4dd2-b4fd-686390fbb146,牛肉,牛肉,,9.9,,
OS05,0a74ed50-1b4e-45db-84c1-7cc9e447c834,燕麦咖啡味高纤夹心卷,燕麦咖啡味高纤夹心卷,,9.9,,
OS06,51278049-4138-43f3-a39c-870ad10e3a74,五香味鸭翅根,五香味鸭翅根,,9.9,,
OS07,057bd50f-ceb4-4943-8255-2ba8b9f0de9f,老卤小黑蛋,老卤小黑蛋,,9.9,,
OS08,3b068da2-b1bd-4233-ba16-2d99f7527ae1,老味豆干,老味豆干,,9.9,,
OS09,feeb61fd-cbf1-452f-abf2-c2540b11afc4,糖水型黄桃罐头,糖水型黄桃罐头,,9.9,,
OS10,5c5bdce6-2827-4047-86ab-595e6f2111c7,柠檬味脆笋鸭掌筋,柠檬味脆笋鸭掌筋,,9.9,,
OS11,0ed9ffc1-993d-4bd7-8064-d4f22a02478b,爽露爽米酒,爽露爽米酒,,9.9,,
OS12,97d178b3-c237-45fa-93f2-a7075d937fd4,东方树叶绿茶原味茶饮料,东方树叶绿茶原味茶饮料保质期：9个月生产日期：见瓶体,,9.9,270,
OS13,fa829022-8480-4055-a611-9cb94ca959a3,彝香麻辣,彝香麻辣○食品别：肉制品,,9.9,,
OS14,71006ffd-7f5f-4d3e-8b26-f39fcb81f536,盛兴源花生系列,盛兴源花生系列,,9.9,,
OS15,ee1f3fce-bdf6-4d3a-97e2-99b8daaf8ae7,老卤鸡脚筋,老卤鸡脚筋,,9.9,,
OS16,c81223bc-34e1-44b9-afa4-8c90459f3506,山药薄片,山药薄片,,9.9,,
OS17,7a295258-a401-4f6b-a589-9e2144cbb0ae,榴莲软心蛋卷,榴莲软心蛋卷,,9.9,,
OS18,a436c248-eef8-4ad3-82a7-f45a9f62dfe7,人参黄精复合压片糖果,人参黄精复合压片糖果,,9.9,,
OS19,adbf7af5-7f6e-45ce-8f4b-194991c48d05,桑坡手工锅巴,桑坡手工锅巴,,9.9,,
