sku_id,name,ingredients_text,spec_g,form,health_tag,category_label,allergens
A1,单一配料冻干苹果脆,苹果,30,冻干,健脾养胃,敏感防护,
A2,单一配料冻干雪梨脆,雪梨,30,冻干,滋阴润燥,敏感防护,
A3,大米薄脆（无麸质）,大米,40,薄脆,健脾养胃,敏感防护,
A4,山药脆片,山药,35,脆片,健脾养胃,敏感防护,
A5,椰子脆片,椰子肉,40,脆片,滋阴润燥,敏感防护,
A6,鹰嘴豆薄脆,鹰嘴豆,40,薄脆,健脾养胃,敏感防护,
C1,纯苹果脆片,苹果,30,脆片,健脾养胃;适合儿童,宝宝零食,
C2,山药小米薄脆,小米、山药、鸡蛋、苹果泥,40,薄脆,健脾养胃;补气养血;适合儿童,宝宝零食,鸡蛋
C3,南瓜奶酪溶豆,南瓜、奶油奶酪、鸡蛋清,25,溶豆,健脾养胃;适合儿童,宝宝零食,乳;鸡蛋
C4,红枣奶片（无添加糖）,红枣、全脂乳粉,35,奶片,补气养血;健脾养胃;适合儿童,宝宝零食,乳
C5,胡萝卜小馒头脆,小麦粉、胡萝卜、鸡蛋、酵母,40,脆,健脾养胃;适合儿童,宝宝零食,小麦;鸡蛋
C6,鹰嘴豆紫薯酥,鹰嘴豆粉、紫薯、鸡蛋,40,酥,健脾养胃;补气养血;适合儿童,宝宝零食,鸡蛋
D1,陈皮山楂软片,山楂、橘皮、赤藓糖醇,40,软片,消食化积;适合肠胃虚弱,肠胃食养,
D2,炒麦芽山楂球,麦芽、山楂、大枣,45,球,消食化积;适合肠胃虚弱,肠胃食养,
D3,鸡内金陈皮薄脆,鸡内金、橘皮、小麦粉,40,薄脆,健脾养胃;适合肠胃虚弱,肠胃食养,小麦
D4,山药茯苓饼干,山药、茯苓、小麦粉、酵母,60,饼干,健脾养胃;适合肠胃虚弱,肠胃食养,小麦
D5,佛手砂仁含片,佛手、砂仁、蜂蜜,35,含片,健脾养胃;消食化积;适合肠胃虚弱,肠胃食养,
D6,即食小米山药粥块,小米、山药、白扁豆,150,粥块,健脾养胃;适合肠胃虚弱,肠胃食养,
E1,茯苓山药软糕,茯苓、山药、大米粉,80,软糕,健脾养胃;适合银发,老年养生,
E2,黑芝麻核桃糊片,黑芝麻、核桃仁、燕麦,60,糊片,补气养血;适合银发,老年养生,坚果
E3,冻干银耳雪梨块,银耳、雪梨,50,冻干,滋阴润燥;适合银发,老年养生,
E4,五谷软欧小方,全麦粉、黑米、红豆、燕麦,100,小方,健脾养胃;适合银发,老年养生,小麦
E5,原味坚果碎（无盐研磨）,核桃仁、巴旦木,120,坚果碎,补气养血;适合银发,老年养生,坚果
E6,低糖黑芝麻糊块,黑芝麻、黑米、燕麦,120,糊块,补气养血;适合银发,老年养生,
I1,玉竹黄精软糕,玉竹、黄精、大枣、蜂蜜,60,软糕,补气养血;适合体虚,温润食养,
I2,山药红枣薄脆,山药、大枣、小麦粉,50,薄脆,补气养血;适合体虚,温润食养,小麦
I3,枸杞桂圆含片,枸杞子、龙眼肉、蜂蜜,45,含片,补气养血;适合体虚,温润食养,
I4,百合山药冻干块,百合、山药,45,冻干块,滋阴润燥;适合体虚,温润食养,
I5,蜂蜜柚子条,蜂蜜、柚子皮、橘皮,50,条,利水消肿;适合体虚,温润食养,
I6,大枣核桃软糕,大枣、核桃仁、蜂蜜,60,软糕,补气养血;适合体虚,温润食养,坚果
O1,枸杞桑椹冻干块,枸杞子、桑椹,45,冻干块,滋阴润燥;补气养血;适合熬夜,熬夜加班,
O2,菊花枸杞含片,菊花、枸杞子、蜂蜜,40,含片,滋阴润燥;适合熬夜,熬夜加班,
O3,黑芝麻桑椹丸（无糖版）,黑芝麻、桑椹、黑豆,60,丸,补气养血;适合熬夜,熬夜加班,
O4,决明子菊花脆片,决明子、菊花、小麦粉,45,脆片,滋阴润燥;适合熬夜,熬夜加班,小麦
O5,黄精玉竹薄脆,黄精、玉竹、小麦粉,45,薄脆,滋阴润燥;适合熬夜,熬夜加班,小麦
O6,小米山药脆,小米、山药,50,脆,滋阴润燥;适合熬夜,熬夜加班,
P1,冻干红枣核桃块,大枣、核桃仁,50,冻干,补气养血;适合孕产,孕产营养,坚果
P2,黑芝麻黑豆酥,黑芝麻、黑豆、黑米、蜂蜜,50,酥,补气养血;适合孕产,孕产营养,
P3,小米山药脆饼,小米、山药、鸡蛋,45,脆,补气养血;适合孕产,孕产营养,鸡蛋
P4,银耳莲子冻干块,银耳、莲子、冰糖,60,冻干块,滋阴润燥;适合孕产,孕产营养,
P5,山药紫薯卷,山药、紫薯、糯米粉,60,卷,滋阴润燥;适合孕产,孕产营养,
P6,红枣核桃软糕（无糖）,大枣、核桃仁、黑芝麻、蜂蜜,50,软糕,补气养血;适合孕产,孕产营养,坚果
S1,酸枣仁茯苓软糕,酸枣仁、茯苓、大枣、赤藓糖醇,50,软糕,舒缓安适;适合睡前,舒心食养,
S2,百合莲子冻干块,百合、莲子、冰糖,45,冻干块,舒缓安适;适合睡前,舒心食养,
S3,温牛奶小米脆,小米、全脂乳粉、燕麦,50,脆,舒缓安适;适合睡前,舒心食养,乳
S4,桂圆红枣冻干球,龙眼肉、大枣,45,冻干球,舒缓安适;补气养血;适合睡前,舒心食养,
S5,桑椹黑芝麻丸（无糖版）,桑椹、黑芝麻、黑豆,60,丸,舒缓安适;补气养血;适合睡前,舒心食养,
S6,莲子百合小圆子,莲子、百合、糯米粉,80,小圆子,舒缓安适;适合睡前,舒心食养,
