
-- Seed announcements
INSERT INTO public.announcements (content, is_active, sort_order) VALUES
('欢迎来到来店有喜！首单享九折优惠，快来探索吧~', true, 1),
('【新店入驻】茶语轩精品茶饮正式上线，满50减10！', true, 2),
('本周末双倍积分活动，消费即送积分，快来犒赏自己！', true, 3);

-- Seed stores
INSERT INTO public.stores (id, name, description, address, phone, category, image_url, rating) VALUES
('a1111111-1111-1111-1111-111111111101', '墨香书坊', '百年老书店，珍藏人文社科好书，附设咖啡区', '文化路88号', '010-12345678', '图书', 'https://miaoda-site-img.cdn.bcebos.com/images/baidu_image_search_240daee2-b22d-4430-9174-b1600c4ef091.jpg', 4.9),
('a1111111-1111-1111-1111-111111111102', '寻味食肆', '地道中式家常菜，食材新鲜，口感纯粹', '美食街33号', '010-87654321', '美食', 'https://miaoda-site-img.cdn.bcebos.com/images/baidu_image_search_6660ef72-ab1a-4bc7-bf6d-65f08bb25762.jpg', 4.8),
('a1111111-1111-1111-1111-111111111103', '甜蜜茶铺', '现制手打奶茶，每日鲜果，无添加健康配方', '商业广场B1', '010-11223344', '饮品', 'https://miaoda-site-img.cdn.bcebos.com/images/baidu_image_search_52bae2f2-9551-449b-9d51-c58f0b920dfa.jpg', 4.7),
('a1111111-1111-1111-1111-111111111104', '拾光礼品馆', '精选文创礼品、手工艺品，治愈系好物', '步行街12号', '010-55667788', '礼品', 'https://miaoda-site-img.cdn.bcebos.com/images/baidu_image_search_7dc01e60-6c61-410e-a256-d785d30caf97.jpg', 4.6),
('a1111111-1111-1111-1111-111111111105', '零嘴驿站', '精选全球零食礼盒，宅家必备小确幸', '综合楼3F', '010-99887766', '零食', 'https://miaoda-site-img.cdn.bcebos.com/images/baidu_image_search_33e6854b-8e38-4a96-9b25-f03a07685eb5.jpg', 4.5),
('a1111111-1111-1111-1111-111111111106', '生活良品', '精选日用好物，让每天都有仪式感', '生活广场2F', '010-66554433', '日用', 'https://miaoda-site-img.cdn.bcebos.com/images/baidu_image_search_96505265-79dd-45bd-af2f-86f41d1e5d8c.jpg', 4.7);

-- Seed store_categories
INSERT INTO public.store_categories (id, store_id, name, sort_order) VALUES
('c1111111-1111-1111-1111-111111111101', 'a1111111-1111-1111-1111-111111111101', '人文社科', 1),
('c1111111-1111-1111-1111-111111111102', 'a1111111-1111-1111-1111-111111111101', '文学小说', 2),
('c1111111-1111-1111-1111-111111111103', 'a1111111-1111-1111-1111-111111111101', '咖啡饮品', 3),
('c1111111-1111-1111-1111-111111111104', 'a1111111-1111-1111-1111-111111111102', '招牌主菜', 1),
('c1111111-1111-1111-1111-111111111105', 'a1111111-1111-1111-1111-111111111102', '特色小食', 2),
('c1111111-1111-1111-1111-111111111106', 'a1111111-1111-1111-1111-111111111103', '奶茶系列', 1),
('c1111111-1111-1111-1111-111111111107', 'a1111111-1111-1111-1111-111111111103', '鲜果茶', 2),
('c1111111-1111-1111-1111-111111111108', 'a1111111-1111-1111-1111-111111111104', '文创礼品', 1),
('c1111111-1111-1111-1111-111111111109', 'a1111111-1111-1111-1111-111111111104', '手工艺品', 2),
('c1111111-1111-1111-1111-111111111110', 'a1111111-1111-1111-1111-111111111105', '进口零食', 1),
('c1111111-1111-1111-1111-111111111111', 'a1111111-1111-1111-1111-111111111105', '本土特产', 2),
('c1111111-1111-1111-1111-111111111112', 'a1111111-1111-1111-1111-111111111106', '家居清洁', 1),
('c1111111-1111-1111-1111-111111111113', 'a1111111-1111-1111-1111-111111111106', '个人护理', 2);

-- Seed products
INSERT INTO public.products (store_id, category_id, name, description, price, original_price, image_url, mood_tags, scene_tags) VALUES
-- 墨香书坊
('a1111111-1111-1111-1111-111111111101', 'c1111111-1111-1111-1111-111111111101', '人间失格', '太宰治经典之作，读透人性的孤独', 39.90, 48.00, 'https://miaoda-site-img.cdn.bcebos.com/images/baidu_image_search_240daee2-b22d-4430-9174-b1600c4ef091.jpg', '{"孤独","治愈","思考"}', '{"治愈空间","学习空间"}'),
('a1111111-1111-1111-1111-111111111101', 'c1111111-1111-1111-1111-111111111102', '百年孤独', '马尔克斯魔幻现实主义巨著', 52.00, 68.00, 'https://miaoda-site-img.cdn.bcebos.com/images/baidu_image_search_42b0fcfb-9879-40ea-bbf9-8b047c3b7281.jpg', '{"沉浸","安静","思考"}', '{"学习空间","治愈空间"}'),
('a1111111-1111-1111-1111-111111111101', 'c1111111-1111-1111-1111-111111111103', '手冲咖啡（单杯）', '埃塞俄比亚耶加雪菲，清新果香', 35.00, NULL, 'https://miaoda-site-img.cdn.bcebos.com/images/baidu_image_search_240daee2-b22d-4430-9174-b1600c4ef091.jpg', '{"清醒","愉悦","专注"}', '{"学习空间","治愈空间"}'),
-- 寻味食肆
('a1111111-1111-1111-1111-111111111102', 'c1111111-1111-1111-1111-111111111104', '红烧肉套餐', '入口即化，慢炖三小时，配米饭', 58.00, 68.00, 'https://miaoda-site-img.cdn.bcebos.com/images/baidu_image_search_6660ef72-ab1a-4bc7-bf6d-65f08bb25762.jpg', '{"满足","幸福","治愈"}', '{"用餐时光"}'),
('a1111111-1111-1111-1111-111111111102', 'c1111111-1111-1111-1111-111111111105', '口水鸡', '麻辣鲜香，地道四川风味', 38.00, 45.00, 'https://miaoda-site-img.cdn.bcebos.com/images/baidu_image_search_4132075e-ab5a-40d7-8722-abd81862adca.jpg', '{"刺激","放松","满足"}', '{"用餐时光"}'),
-- 甜蜜茶铺
('a1111111-1111-1111-1111-111111111103', 'c1111111-1111-1111-1111-111111111106', '桂花乌龙拿铁', '桂花香气搭配浓醇乌龙，治愈一整天', 28.00, NULL, 'https://miaoda-site-img.cdn.bcebos.com/images/baidu_image_search_52bae2f2-9551-449b-9d51-c58f0b920dfa.jpg', '{"甜蜜","治愈","放松"}', '{"用餐时光","治愈空间"}'),
('a1111111-1111-1111-1111-111111111103', 'c1111111-1111-1111-1111-111111111107', '草莓芝芝莓莓', '新鲜草莓+芝士奶盖，少女心爆棚', 32.00, 38.00, 'https://miaoda-site-img.cdn.bcebos.com/images/baidu_image_search_52bae2f2-9551-449b-9d51-c58f0b920dfa.jpg', '{"开心","活泼","甜蜜"}', '{"用餐时光"}'),
-- 拾光礼品馆
('a1111111-1111-1111-1111-111111111104', 'c1111111-1111-1111-1111-111111111108', '武侠风情手账套装', '含活页本+印章+笔，江湖风格设计', 89.00, 108.00, 'https://miaoda-site-img.cdn.bcebos.com/images/baidu_image_search_7dc01e60-6c61-410e-a256-d785d30caf97.jpg', '{"创意","治愈","专注"}', '{"购物时刻","学习空间"}'),
('a1111111-1111-1111-1111-111111111104', 'c1111111-1111-1111-1111-111111111109', '陶瓷茶杯礼盒', '手作青釉茶杯，附精美礼盒包装', 128.00, 158.00, 'https://miaoda-site-img.cdn.bcebos.com/images/baidu_image_search_7dc01e60-6c61-410e-a256-d785d30caf97.jpg', '{"治愈","品质","送礼"}', '{"购物时刻"}'),
-- 零嘴驿站
('a1111111-1111-1111-1111-111111111105', 'c1111111-1111-1111-1111-111111111110', '日本零食大礼包', '精选15款日本网红零食，拼箱装', 168.00, 198.00, 'https://miaoda-site-img.cdn.bcebos.com/images/baidu_image_search_33e6854b-8e38-4a96-9b25-f03a07685eb5.jpg', '{"快乐","放松","分享"}', '{"购物时刻"}'),
('a1111111-1111-1111-1111-111111111105', 'c1111111-1111-1111-1111-111111111111', '老北京传统糕点礼盒', '萨其马+驴打滚+艾窝窝，传统口味', 88.00, 108.00, 'https://miaoda-site-img.cdn.bcebos.com/images/baidu_image_search_33e6854b-8e38-4a96-9b25-f03a07685eb5.jpg', '{"怀旧","温暖","分享"}', '{"购物时刻","用餐时光"}'),
-- 生活良品
('a1111111-1111-1111-1111-111111111106', 'c1111111-1111-1111-1111-111111111112', '天然精油香薰套装', '薰衣草+柠檬草精油，舒缓身心', 128.00, 158.00, 'https://miaoda-site-img.cdn.bcebos.com/images/baidu_image_search_96505265-79dd-45bd-af2f-86f41d1e5d8c.jpg', '{"放松","治愈","仪式感"}', '{"治愈空间"}'),
('a1111111-1111-1111-1111-111111111106', 'c1111111-1111-1111-1111-111111111113', '竹炭纤维毛巾礼盒', '超吸水，抗菌防霉，三条装精美礼盒', 68.00, 88.00, 'https://miaoda-site-img.cdn.bcebos.com/images/baidu_image_search_96505265-79dd-45bd-af2f-86f41d1e5d8c.jpg', '{"实用","品质","仪式感"}', '{"购物时刻"}');
